[
 {
  "City": "Київ",
  "District": "Київська область"
 },
 {
  "City": "Харків",
  "District": "Харківська область"
 },
 {
  "City": "Одеса",
  "District": "Одеська область"
 },
 {
  "City": "Дніпро",
  "District": "Дніпропетровська область"
 },
 {
  "City": "Донецьк",
  "District": "Донецька область"
 },
 {
  "City": "Запоріжжя",
  "District": "Запорізька область"
 },
 {
  "City": "Львів",
  "District": "львівська область"
 },
 {
  "City": "Кривий Ріг",
  "District": "Дніпропетровська область"
 },
 {
  "City": "Миколаїв",
  "District": "Миколаївська область"
 },
 {
  "City": "Маріуполь",
  "District": "Донецька область"
 },
 {
  "City": "Севастополь",
  "District": "Севастополь, місто"
 },
 {
  "City": "Луганська",
  "District": "Луганська область"
 },
 {
  "City": "Вінниця",
  "District": "Вінницька область"
 },
 {
  "City": "Макіївка",
  "District": "Донецька область"
 },
 {
  "City": "Сімферополь",
  "District": "Крим, Автономна Республіка"
 },
 {
  "City": "Полтава",
  "District": "Полтавська область"
 },
 {
  "City": "Чернігів",
  "District": "Чернігівська область"
 },
 {
  "City": "Херсон",
  "District": "Херсонська область"
 },
 {
  "City": "Черкаси",
  "District": "Черкаська область"
 },
 {
  "City": "Хмельницький",
  "District": "Хмельницька область"
 },
 {
  "City": "Житомир",
  "District": "Житомирська область"
 },
 {
  "City": "Чернівці",
  "District": "Чернівецька область"
 },
 {
  "City": "Суми",
  "District": "Сумська область"
 },
 {
  "City": "Горлівка",
  "District": "Донецька область"
 },
 {
  "City": "Рівненська",
  "District": "Рівненська область"
 },
 {
  "City": "Івано-Франківськ",
  "District": "Івано-Франківська область"
 },
 {
  "City": "Кам'янське",
  "District": "Дніпропетровська область"
 },
 {
  "City": "Кременчук",
  "District": "Полтавська область"
 },
 {
  "City": "Кропивницький",
  "District": "Кіровоградська область"
 },
 {
  "City": "Тернопіль",
  "District": "Тернопільська область"
 },
 {
  "City": "Луцьк",
  "District": "Волинська область"
 },
 {
  "City": "Біла Церква",
  "District": "Київська область"
 },
 {
  "City": "Краматорськ",
  "District": "Донецька область"
 },
 {
  "City": "Мелітополь",
  "District": "Запорізька область"
 },
 {
  "City": "Сєвєродонецьк",
  "District": "Луганська область"
 },
 {
  "City": "Дрогобич",
  "District": "львівська область"
 },
 {
  "City": "Хрустальний",
  "District": "Луганська область"
 },
 {
  "City": "Ужгород",
  "District": "Закарпатська область"
 },
 {
  "City": "Бердянськ",
  "District": "Запорізька область"
 },
 {
  "City": "Слов'янськ",
  "District": "Донецька область"
 },
 {
  "City": "Нікополь",
  "District": "Дніпропетровська область"
 },
 {
  "City": "Євпаторія",
  "District": "Крим, Автономна Республіка"
 },
 {
  "City": "Павлоград",
  "District": "Дніпропетровська область"
 },
 {
  "City": "Алчевськ",
  "District": "Луганська область"
 },
 {
  "City": "Конотоп",
  "District": "Сумська область"
 },
 {
  "City": "Бровари",
  "District": "Київська область"
 },
 {
  "City": "Кам'янець-Подільський",
  "District": "Хмельницька область"
 },
 {
  "City": "Лисичанськ",
  "District": "Луганська область"
 },
 {
  "City": "Довжанська",
  "District": "Луганська область"
 },
 {
  "City": "Мукачеве",
  "District": "Закарпатська область"
 },
 {
  "City": "Умань",
  "District": "Черкаська область"
 },
 {
  "City": "Ялта",
  "District": "Крим, Автономна Республіка"
 },
 {
  "City": "Єнакієве",
  "District": "Донецька область"
 },
 {
  "City": "Шостка",
  "District": "Сумська область"
 },
 {
  "City": "Бердичів",
  "District": "Житомирська область"
 },
 {
  "City": "Бахмут",
  "District": "Донецька область"
 },
 {
  "City": "Стаханов",
  "District": "Луганська область"
 },
 {
  "City": "Ніжин",
  "District": "Чернігівська область"
 },
 {
  "City": "Костянтинівка",
  "District": "Донецька область"
 },
 {
  "City": "Ізмаїл",
  "District": "Одеська область"
 },
 {
  "City": "Новомосковськ",
  "District": "Дніпропетровська область"
 },
 {
  "City": "Нова Каховка",
  "District": "Херсонська область"
 },
 {
  "City": "Ковель",
  "District": "Волинська область"
 },
 {
  "City": "Сміла",
  "District": "Черкаська область"
 },
 {
  "City": "Калуш",
  "District": "Івано-Франківська область"
 },
 {
  "City": "Коростень",
  "District": "Житомирська область"
 },
 {
  "City": "Покровська",
  "District": "Донецька область"
 },
 {
  "City": "Бориспіль",
  "District": "Київська область"
 },
 {
  "City": "Коломия",
  "District": "Івано-Франківська область"
 },
 {
  "City": "Рубіжне",
  "District": "Луганська область"
 },
 {
  "City": "Чорноморськ",
  "District": "Одеська область"
 },
 {
  "City": "Харцизьк",
  "District": "Донецька область"
 },
 {
  "City": "Дружківка",
  "District": "Донецька область"
 },
 {
  "City": "Стрий",
  "District": "львівська область"
 },
 {
  "City": "Білгород-Дністровський",
  "District": "Одеська область"
 },
 {
  "City": "Ірпінь",
  "District": "Київська область"
 },
 {
  "City": "Новоград-Волинський",
  "District": "Житомирська область"
 },
 {
  "City": "Лозова",
  "District": "Харківська область"
 },
 {
  "City": "Антрацит",
  "District": "Луганська область"
 },
 {
  "City": "Енергодар",
  "District": "Запорізька область"
 },
 {
  "City": "м. Прилуки",
  "District": "Чернігівська область"
 },
 {
  "City": "Нововолинськ",
  "District": "Волинська область"
 },
 {
  "City": "Горішні Плавні",
  "District": "Полтавська область"
 },
 {
  "City": "Мирноград",
  "District": "Донецька область"
 },
 {
  "City": "Шахтарськ",
  "District": "Донецька область"
 },
 {
  "City": "Охтирка",
  "District": "Сумська область"
 },
 {
  "City": "Брянка",
  "District": "Луганська область"
 },
 {
  "City": "Сніжне",
  "District": "Донецька область"
 },
 {
  "City": "Марганець",
  "District": "Дніпропетровська область"
 },
 {
  "City": "Ровеньки",
  "District": "Луганська область"
 },
 {
  "City": "Фастів",
  "District": "Київська область"
 },
 {
  "City": "Лубни",
  "District": "Полтавська область"
 },
 {
  "City": "Світловодськ",
  "District": "Кіровоградська область"
 },
 {
  "City": "Жовті Води",
  "District": "Дніпропетровська область"
 },
 {
  "City": "Краснодон",
  "District": "Луганська область"
 },
 {
  "City": "Шепетівка",
  "District": "Хмельницька область"
 },
 {
  "City": "Вишневе",
  "District": "Київська область"
 },
 {
  "City": "Ромни",
  "District": "Сумська область"
 },
 {
  "City": "Миргород",
  "District": "Полтавська область"
 },
 {
  "City": "Подільськ",
  "District": "Одеська область"
 },
 {
  "City": "Покрова",
  "District": "Дніпропетровська область"
 },
 {
  "City": "Володимир-Волинський",
  "District": "Волинська область"
 },
 {
  "City": "Первомайськ",
  "District": "Луганська область"
 },
 {
  "City": "Джанкой",
  "District": "Крим, Автономна Республіка"
 },
 {
  "City": "Васильків",
  "District": "Київська область"
 },
 {
  "City": "Дубно",
  "District": "Рівненська область"
 },
 {
  "City": "Борислав",
  "District": "львівська область"
 },
 {
  "City": "Нетішин",
  "District": "Хмельницька область"
 },
 {
  "City": "Голубівське",
  "District": "Луганська область"
 },
 {
  "City": "Каховка",
  "District": "Херсонська область"
 },
 {
  "City": "Боярка",
  "District": "Київська область"
 },
 {
  "City": "Ясинуватська",
  "District": "Донецька область"
 },
 {
  "City": "Вознесенськ",
  "District": "Миколаївська область"
 },
 {
  "City": "Буча",
  "District": "Київська область"
 },
 {
  "City": "Самбір",
  "District": "львівська область"
 },
 {
  "City": "Авдіївка",
  "District": "Донецька область"
 },
 {
  "City": "Жмеринка",
  "District": "Вінницька область"
 },
 {
  "City": "Торецьк",
  "District": "Донецька область"
 },
 {
  "City": "Глухів",
  "District": "Сумська область"
 },
 {
  "City": "Обухів",
  "District": "Київська область"
 },
 {
  "City": "Чугуїв",
  "District": "Харківська область"
 },
 {
  "City": "Южне",
  "District": "Одеська область"
 },
 {
  "City": "Костопіль",
  "District": "Рівненська область"
 },
 {
  "City": "Токмак",
  "District": "Запорізька область"
 },
 {
  "City": "Могилів-Подільський",
  "District": "Вінницька область"
 },
 {
  "City": "Синельникове",
  "District": "Дніпропетровська область"
 },
 {
  "City": "Новояворівське",
  "District": "львівська область"
 },
 {
  "City": "Первомайський",
  "District": "Харківська область"
 },
 {
  "City": "Алушта",
  "District": "Крим, Автономна Республіка"
 },
 {
  "City": "Чортків",
  "District": "Тернопільська область"
 },
 {
  "City": "Балаклія",
  "District": "Харківська область"
 },
 {
  "City": "Трускавець",
  "District": "львівська область"
 },
 {
  "City": "Новий Розділ",
  "District": "львівська область"
 },
 {
  "City": "Хуст",
  "District": "Закарпатська область"
 },
 {
  "City": "Першотравенськ",
  "District": "Дніпропетровська область"
 },
 {
  "City": "Хрестівка",
  "District": "Донецька область"
 },
 {
  "City": "Хмільник",
  "District": "Вінницька область"
 },
 {
  "City": "Тернівка",
  "District": "Дніпропетровська область"
 },
 {
  "City": "Золотоноша",
  "District": "Черкаська область"
 },
 {
  "City": "м. Вишгород",
  "District": "Київська область"
 },
 {
  "City": "Бахчисарай",
  "District": "Крим, Автономна Республіка"
 },
 {
  "City": "Переяслав-Хмельницький",
  "District": "Київська область"
 },
 {
  "City": "Софіївська Борщагівка",
  "District": "Київська область"
 },
 {
  "City": "Малин",
  "District": "Житомирська область"
 },
 {
  "City": "Перевальськ",
  "District": "Луганська область"
 },
 {
  "City": "Яни Капу",
  "District": "Крим, Автономна Республіка"
 },
 {
  "City": "Гайсин",
  "District": "Вінницька область"
 },
 {
  "City": "Коростишів",
  "District": "Житомирська область"
 },
 {
  "City": "Виноградів",
  "District": "Закарпатська область"
 },
 {
  "City": "Славутич",
  "District": "Київська область"
 },
 {
  "City": "Саки",
  "District": "Крим, Автономна Республіка"
 },
 {
  "City": "Канів",
  "District": "Черкаська область"
 },
 {
  "City": "Золочів",
  "District": "львівська область"
 },
 {
  "City": "Селидове",
  "District": "Донецька область"
 },
 {
  "City": "Броди",
  "District": "львівська область"
 },
 {
  "City": "Берегове",
  "District": "Закарпатська область"
 },
 {
  "City": "Козятин",
  "District": "Вінницька область"
 },
 {
  "City": "Вільногірськ",
  "District": "Дніпропетровська область"
 },
 {
  "City": "Молодогвардійськ",
  "District": "Луганська область"
 },
 {
  "City": "Знам'янка",
  "District": "Кіровоградська область"
 },
 {
  "City": "Ладижин",
  "District": "Вінницька область"
 },
 {
  "City": "Надвірна",
  "District": "Івано-Франківська область"
 },
 {
  "City": "Лиман",
  "District": "Донецька область"
 },
 {
  "City": "Білогородка",
  "District": "Київська область"
 },
 {
  "City": "Суходільськ",
  "District": "Луганська область"
 },
 {
  "City": "Сокаль",
  "District": "львівська область"
 },
 {
  "City": "Люботин",
  "District": "Харківська область"
 },
 {
  "City": "Кременець",
  "District": "Тернопільська область"
 },
 {
  "City": "Долина",
  "District": "Івано-Франківська область"
 },
 {
  "City": "Генічеськ",
  "District": "Херсонська область"
 },
 {
  "City": "Яготин",
  "District": "Київська область"
 },
 {
  "City": "Підгороднє",
  "District": "Дніпропетровська область"
 },
 {
  "City": "Балта",
  "District": "Одеська область"
 },
 {
  "City": "Долинська",
  "District": "Кіровоградська область"
 },
 {
  "City": "Калинівка",
  "District": "Вінницька область"
 },
 {
  "City": "Пологи",
  "District": "Запорізька область"
 },
 {
  "City": "П'ятихатки",
  "District": "Дніпропетровська область"
 },
 {
  "City": "Старобільськ",
  "District": "Луганська область"
 },
 {
  "City": "Вовчанськ",
  "District": "Харківська область"
 },
 {
  "City": "Скадовськ",
  "District": "Херсонська область"
 },
 {
  "City": "Дніпрорудне",
  "District": "Запорізька область"
 },
 {
  "City": "Сватове",
  "District": "Луганська область"
 },
 {
  "City": "Амвросіївка",
  "District": "Донецька область"
 },
 {
  "City": "Корсунь-Шевченківський",
  "District": "Черкаська область"
 },
 {
  "City": "Болград",
  "District": "Одеська область"
 },
 {
  "City": "Свалява",
  "District": "Закарпатська область"
 },
 {
  "City": "Звенигородка",
  "District": "Черкаська область"
 },
 {
  "City": "Ізяслав",
  "District": "Хмельницька область"
 },
 {
  "City": "Ватутіне",
  "District": "Черкаська область"
 },
 {
  "City": "Судак",
  "District": "Крим, Автономна Республіка"
 },
 {
  "City": "Городок",
  "District": "Хмельницька область"
 },
 {
  "City": "Березань",
  "District": "Київська область"
 },
 {
  "City": "Білогірськ",
  "District": "Крим, Автономна Республіка"
 },
 {
  "City": "Верхівцеве",
  "District": "Дніпропетровська область"
 },
 {
  "City": "Коцюбинське",
  "District": "Київ, Місто"
 },
 {
  "City": "Гостомель",
  "District": "Київська область"
 },
 {
  "City": "Бар",
  "District": "Вінницька область"
 },
 {
  "City": "Українка",
  "District": "Київська область"
 },
 {
  "City": "Городок",
  "District": "львівська область"
 },
 {
  "City": "Сквира",
  "District": "Київська область"
 },
 {
  "City": "Ювілейне",
  "District": "Луганська область"
 },
 {
  "City": "Овруч",
  "District": "Житомирська область"
 },
 {
  "City": "Путивль",
  "District": "Сумська область"
 },
 {
  "City": "Винники",
  "District": "львівська область"
 },
 {
  "City": "Острозька",
  "District": "Рівненська область"
 },
 {
  "City": "Рахів",
  "District": "Закарпатська область"
 },
 {
  "City": "Богодухів",
  "District": "Харківська область"
 },
 {
  "City": "Білопілля",
  "District": "Сумська область"
 },
 {
  "City": "Тульчин",
  "District": "Вінницька область"
 },
 {
  "City": "Вільнянськ",
  "District": "Запорізька область"
 },
 {
  "City": "Бурштин",
  "District": "Івано-Франківська область"
 },
 {
  "City": "Зміїв",
  "District": "Харківська область"
 },
 {
  "City": "Очаків",
  "District": "Миколаївська область"
 },
 {
  "City": "Гуляйполе",
  "District": "Запорізька область"
 },
 {
  "City": "Радомишль",
  "District": "Житомирська область"
 },
 {
  "City": "Станиця Луганська",
  "District": "Луганська область"
 },
 {
  "City": "Оріхів",
  "District": "Запорізька область"
 },
 {
  "City": "Гола Пристань",
  "District": "Херсонська область"
 },
 {
  "City": "Золоте",
  "District": "Луганська область"
 },
 {
  "City": "Лебедин",
  "District": "Сумська область"
 },
 {
  "City": "Ківерці",
  "District": "Волинська область"
 },
 {
  "City": "Нижня Кринка",
  "District": "Донецька область"
 },
 {
  "City": "Жашків",
  "District": "Черкаська область"
 },
 {
  "City": "Жовква",
  "District": "львівська область"
 },
 {
  "City": "Городище",
  "District": "Черкаська область"
 },
 {
  "City": "Апостолове",
  "District": "Дніпропетровська область"
 },
 {
  "City": "Тальне",
  "District": "Черкаська область"
 },
 {
  "City": "Кагарлик",
  "District": "Київська область"
 },
 {
  "City": "Зеленодольськ",
  "District": "Дніпропетровська область"
 },
 {
  "City": "Носівка",
  "District": "Чернігівська область"
 },
 {
  "City": "Бородянка",
  "District": "Київська область"
 },
 {
  "City": "Слобожанське",
  "District": "Дніпропетровська область"
 },
 {
  "City": "Василівка",
  "District": "Запорізька область"
 },
 {
  "City": "Ізюм",
  "District": "Харківська область"
 },
 {
  "City": "Яворів",
  "District": "львівська область"
 },
 {
  "City": "Великодолинське",
  "District": "Одеська область"
 },
 {
  "City": "Тетіїв",
  "District": "Київська область"
 },
 {
  "City": "Рожище",
  "District": "Волинська область"
 },
 {
  "City": "Новгород-Сіверський",
  "District": "Чернігівська область"
 },
 {
  "City": "Бершадь",
  "District": "Вінницька область"
 },
 {
  "City": "Перегінське",
  "District": "Івано-Франківська область"
 },
 {
  "City": "Кам'янка-Дніпровська",
  "District": "Запорізька область"
 },
 {
  "City": "Щастя",
  "District": "Луганська область"
 },
 {
  "City": "Корюківка",
  "District": "Чернігівська область"
 },
 {
  "City": "Бучач",
  "District": "Тернопільська область"
 },
 {
  "City": "Камінь-Каширський",
  "District": "Волинська область"
 },
 {
  "City": "Гнівань",
  "District": "Вінницька область"
 },
 {
  "City": "Берислав",
  "District": "Херсонська область"
 },
 {
  "City": "Вахрушеве",
  "District": "Луганська область"
 },
 {
  "City": "Узин",
  "District": "Київська область"
 },
 {
  "City": "Біловодськ",
  "District": "Луганська область"
 },
 {
  "City": "Михайлівка",
  "District": "Запорізька область"
 },
 {
  "City": "Городня",
  "District": "Чернігівська область"
 },
 {
  "City": "українськ",
  "District": "Донецька область"
 },
 {
  "City": "Баранівка",
  "District": "Житомирська область"
 },
 {
  "City": "Овідіополь",
  "District": "Одеська область"
 },
 {
  "City": "Васильківка",
  "District": "Дніпропетровська область"
 },
 {
  "City": "Немирів",
  "District": "Вінницька область"
 },
 {
  "City": "Приморськ",
  "District": "Запорізька область"
 },
 {
  "City": "Мена",
  "District": "Чернігівська область"
 },
 {
  "City": "Мала Виска",
  "District": "Кіровоградська область"
 },
 {
  "City": "Кальміуське",
  "District": "Донецька область"
 },
 {
  "City": "Лохвиця",
  "District": "Полтавська область"
 },
 {
  "City": "Якимівка",
  "District": "Запорізька область"
 },
 {
  "City": "Миронівка",
  "District": "Київська область"
 },
 {
  "City": "Сновськ",
  "District": "Чернігівська область"
 },
 {
  "City": "Гірник",
  "District": "Донецька область"
 },
 {
  "City": "Іллінці",
  "District": "Вінницька область"
 },
 {
  "City": "Соснівка",
  "District": "львівська область"
 },
 {
  "City": "Жидачів",
  "District": "львівська область"
 },
 {
  "City": "Рокитне",
  "District": "Київська область"
 },
 {
  "City": "Бобринець",
  "District": "Кіровоградська область"
 },
 {
  "City": "Бобровиця",
  "District": "Чернігівська область"
 },
 {
  "City": "Маневичі",
  "District": "Волинська область"
 },
 {
  "City": "Гребінка",
  "District": "Полтавська область"
 },
 {
  "City": "Баришівка",
  "District": "Київська область"
 },
 {
  "City": "Христинівка",
  "District": "Черкаська область"
 },
 {
  "City": "Ічня",
  "District": "Чернігівська область"
 },
 {
  "City": "Болехів",
  "District": "Івано-Франківська область"
 },
 {
  "City": "Любомль",
  "District": "Волинська область"
 },
 {
  "City": "Олевськ",
  "District": "Житомирська область"
 },
 {
  "City": "Іванків",
  "District": "Київська область"
 },
 {
  "City": "Красноїльськ",
  "District": "Чернівецька область"
 },
 {
  "City": "Летичів",
  "District": "Хмельницька область"
 },
 {
  "City": "Верхньодніпровськ",
  "District": "Дніпропетровська область"
 },
 {
  "City": "Остер",
  "District": "Чернігівська область"
 },
 {
  "City": "Новгородське",
  "District": "Донецька область"
 },
 {
  "City": "Борзна",
  "District": "Чернігівська область"
 },
 {
  "City": "Широке",
  "District": "Дніпропетровська область"
 },
 {
  "City": "Інкерман",
  "District": "Севастополь, місто"
 },
 {
  "City": "Тараща",
  "District": "Київська область"
 },
 {
  "City": "Радивилів",
  "District": "Рівненська область"
 },
 {
  "City": "Королево",
  "District": "Закарпатська область"
 },
 {
  "City": "Теплодар",
  "District": "Одеська область"
 },
 {
  "City": "Ратне",
  "District": "Волинська область"
 },
 {
  "City": "Снятин",
  "District": "Івано-Франківська область"
 },
 {
  "City": "Дубове",
  "District": "Закарпатська область"
 },
 {
  "City": "Перещепине",
  "District": "Дніпропетровська область"
 },
 {
  "City": "Покровське",
  "District": "Дніпропетровська область"
 },
 {
  "City": "Зіньків",
  "District": "Полтавська область"
 },
 {
  "City": "Березівка",
  "District": "Одеська область"
 },
 {
  "City": "Кобеляки",
  "District": "Полтавська область"
 },
 {
  "City": "Макарів",
  "District": "Київська область"
 },
 {
  "City": "Веселе",
  "District": "Запорізька область"
 },
 {
  "City": "Ходорів",
  "District": "львівська область"
 },
 {
  "City": "Софіївка",
  "District": "Донецька область"
 },
 {
  "City": "Міжгір'я",
  "District": "Закарпатська область"
 },
 {
  "City": "Білозерка",
  "District": "Херсонська область"
 },
 {
  "City": "Велика Димерка",
  "District": "Київська область"
 },
 {
  "City": "Погребище",
  "District": "Вінницька область"
 },
 {
  "City": "Нижньогірський",
  "District": "Крим, Автономна Республіка"
 },
 {
  "City": "Безлюдівка",
  "District": "Харківська область"
 },
 {
  "City": "Дубровиця",
  "District": "Рівненська область"
 },
 {
  "City": "Тисмениця",
  "District": "Івано-Франківська область"
 },
 {
  "City": "Іршава",
  "District": "Закарпатська область"
 },
 {
  "City": "Хотин",
  "District": "Чернівецька область"
 },
 {
  "City": "Великий Бичків",
  "District": "Закарпатська область"
 },
 {
  "City": "Валки",
  "District": "Харківська область"
 },
 {
  "City": "Каланчак",
  "District": "Херсонська область"
 },
 {
  "City": "Обухівка",
  "District": "Дніпропетровська область"
 },
 {
  "City": "Стрижавка",
  "District": "Вінницька область"
 },
 {
  "City": "Біленьке",
  "District": "Донецька область"
 },
 {
  "City": "Горохів",
  "District": "Волинська область"
 },
 {
  "City": "Гурзуф",
  "District": "Крим, Автономна Республіка"
 },
 {
  "City": "Городенка",
  "District": "Івано-Франківська область"
 },
 {
  "City": "Великі Лучки",
  "District": "Закарпатська область"
 },
 {
  "City": "Тячів",
  "District": "Закарпатська область"
 },
 {
  "City": "Помічна",
  "District": "Кіровоградська область"
 },
 {
  "City": "Козова",
  "District": "Тернопільська область"
 },
 {
  "City": "Успенка",
  "District": "Луганська область"
 },
 {
  "City": "Чигирин",
  "District": "Черкаська область"
 },
 {
  "City": "Монастирище",
  "District": "Черкаська область"
 },
 {
  "City": "Чоп",
  "District": "Закарпатська область"
 },
 {
  "City": "Тлумач",
  "District": "Івано-Франківська область"
 },
 {
  "City": "Іларіонове",
  "District": "Дніпропетровська область"
 },
 {
  "City": "Крижопіль",
  "District": "Вінницька область"
 },
 {
  "City": "Барвинкове",
  "District": "Харківська область"
 },
 {
  "City": "Рава-Руська",
  "District": "львівська область"
 },
 {
  "City": "Солотвино",
  "District": "Закарпатська область"
 },
 {
  "City": "Буськ",
  "District": "львівська область"
 },
 {
  "City": "Андрушівка",
  "District": "Житомирська область"
 },
 {
  "City": "Ясіня",
  "District": "Закарпатська область"
 },
 {
  "City": "Масандра",
  "District": "Крим, Автономна Республіка"
 },
 {
  "City": "Буштино",
  "District": "Закарпатська область"
 },
 {
  "City": "Нерубайське",
  "District": "Одеська область"
 },
 {
  "City": "Косів",
  "District": "Івано-Франківська область"
 },
 {
  "City": "Липовець",
  "District": "Вінницька область"
 },
 {
  "City": "Ланівці",
  "District": "Тернопільська область"
 },
 {
  "City": "Делятин",
  "District": "Івано-Франківська область"
 },
 {
  "City": "Вишково",
  "District": "Закарпатська область"
 },
 {
  "City": "Іванівка",
  "District": "Луганська область"
 },
 {
  "City": "Мала Данилівка",
  "District": "Харківська область"
 },
 {
  "City": "Богородчани",
  "District": "Івано-Франківська область"
 },
 {
  "City": "Заводське",
  "District": "Полтавська область"
 },
 {
  "City": "Нові Санжари",
  "District": "Полтавська область"
 },
 {
  "City": "Краснопілля",
  "District": "Сумська область"
 },
 {
  "City": "Лисянка",
  "District": "Черкаська область"
 },
 {
  "City": "Манхуш",
  "District": "Донецька область"
 },
 {
  "City": "Тарутине",
  "District": "Одеська область"
 },
 {
  "City": "Квасилів",
  "District": "Рівненська область"
 },
 {
  "City": "Яремче",
  "District": "Івано-Франківська область"
 },
 {
  "City": "Ананьїв",
  "District": "Одеська область"
 },
 {
  "City": "Семенівка",
  "District": "Чернігівська область"
 },
 {
  "City": "Ясногірка",
  "District": "Донецька область"
 },
 {
  "City": "Кушухум",
  "District": "Запорізька область"
 },
 {
  "City": "Підволочиськ",
  "District": "Тернопільська область"
 },
 {
  "City": "Козелець",
  "District": "Чернігівська область"
 },
 {
  "City": "Ланчин",
  "District": "Івано-Франківська область"
 },
 {
  "City": "Рогатин",
  "District": "Івано-Франківська область"
 },
 {
  "City": "Немішаєве",
  "District": "Київська область"
 },
 {
  "City": "Криве Озеро",
  "District": "Миколаївська область"
 },
 {
  "City": "Південне",
  "District": "Харківська область"
 },
 {
  "City": "Диканька",
  "District": "Полтавська область"
 },
 {
  "City": "Тростянець",
  "District": "Вінницька область"
 },
 {
  "City": "Великий Дальник",
  "District": "Одеська область"
 },
 {
  "City": "Хорошів",
  "District": "Житомирська область"
 },
 {
  "City": "Солоне",
  "District": "Дніпропетровська область"
 },
 {
  "City": "Вапнярка",
  "District": "Вінницька область"
 },
 {
  "City": "Тересва",
  "District": "Закарпатська область"
 },
 {
  "City": "Новоселиця",
  "District": "Чернівецька область"
 },
 {
  "City": "Великий Березний",
  "District": "Закарпатська область"
 },
 {
  "City": "Романів",
  "District": "Житомирська область"
 },
 {
  "City": "Артемівськ",
  "District": "Луганська область"
 },
 {
  "City": "Краснокутськ",
  "District": "Харківська область"
 },
 {
  "City": "Царичанка",
  "District": "Дніпропетровська область"
 },
 {
  "City": "Межова",
  "District": "Дніпропетровська область"
 },
 {
  "City": "Ржищів",
  "District": "Київська область"
 },
 {
  "City": "Борова",
  "District": "Київська область"
 },
 {
  "City": "Лиманське",
  "District": "Одеська область"
 },
 {
  "City": "Ширяєве",
  "District": "Одеська область"
 },
 {
  "City": "Рудно",
  "District": "львівська область"
 },
 {
  "City": "Понінка",
  "District": "Хмельницька область"
 },
 {
  "City": "Ісліам-Терек",
  "District": "Крим, Автономна Республіка"
 },
 {
  "City": "Молочанськ",
  "District": "Запорізька область"
 },
 {
  "City": "Петропавлівка",
  "District": "Дніпропетровська область"
 },
 {
  "City": "м. Шаргород",
  "District": "Вінницька область"
 },
 {
  "City": "Сосниця",
  "District": "Чернігівська область"
 },
 {
  "City": "Ворожба",
  "District": "Сумська область"
 },
 {
  "City": "Привілля",
  "District": "Луганська область"
 },
 {
  "City": "Шевченкове",
  "District": "Харківська область"
 },
 {
  "City": "Томаківка",
  "District": "Дніпропетровська область"
 },
 {
  "City": "Пісківка",
  "District": "Київська область"
 },
 {
  "City": "Куп'янськ",
  "District": "Харківська область"
 },
 {
  "City": "Вільшани",
  "District": "Харківська область"
 },
 {
  "City": "Доброслав",
  "District": "Одеська область"
 },
 {
  "City": "Чинадійово",
  "District": "Закарпатська область"
 },
 {
  "City": "Нова Маячка",
  "District": "Херсонська область"
 },
 {
  "City": "Більмак",
  "District": "Запорізька область"
 },
 {
  "City": "Довге",
  "District": "Закарпатська область"
 },
 {
  "City": "Великі Ком'яти",
  "District": "Закарпатська область"
 },
 {
  "City": "Софіївка",
  "District": "Дніпропетровська область"
 },
 {
  "City": "Горностаївка",
  "District": "Херсонська область"
 },
 {
  "City": "Розсошенці",
  "District": "Полтавська область"
 },
 {
  "City": "Лозуватка",
  "District": "Дніпропетровська область"
 },
 {
  "City": "Іршанська",
  "District": "Житомирська область"
 },
 {
  "City": "Олександрівськ",
  "District": "Луганська область"
 },
 {
  "City": "Перечин",
  "District": "Закарпатська область"
 },
 {
  "City": "Літин",
  "District": "Вінницька область"
 },
 {
  "City": "Свеса",
  "District": "Сумська область"
 },
 {
  "City": "Карнаухівка",
  "District": "Дніпропетровська область"
 },
 {
  "City": "Старий Самбір",
  "District": "львівська область"
 },
 {
  "City": "Ємільчине",
  "District": "Житомирська область"
 },
 {
  "City": "Приазовське",
  "District": "Запорізька область"
 },
 {
  "City": "Вороновиця",
  "District": "Вінницька область"
 },
 {
  "City": "Білокуракине",
  "District": "Луганська область"
 },
 {
  "City": "Іваничі",
  "District": "Волинська область"
 },
 {
  "City": "Цумань",
  "District": "Волинська область"
 },
 {
  "City": "Кубей",
  "District": "Одеська область"
 },
 {
  "City": "Судова Вишня",
  "District": "Львівська область"
 },
 {
  "City": "Жовч",
  "District": "Луганська область"
 },
 {
  "City": "Слатине",
  "District": "Харківська область"
 },
 {
  "City": "Добротвір",
  "District": "львівська область"
 },
 {
  "City": "Драбів",
  "District": "Черкаська область"
 },
 {
  "City": "Ворзель",
  "District": "Київська область"
 },
 {
  "City": "Червоногригорівка",
  "District": "Дніпропетровська область"
 },
 {
  "City": "Ставище",
  "District": "Київська область"
 },
 {
  "City": "Магдалинівка",
  "District": "Дніпропетровська область"
 },
 {
  "City": "Віньківці",
  "District": "Хмельницька область"
 },
 {
  "City": "Турбів",
  "District": "Вінницька область"
 },
 {
  "City": "Великі Мости",
  "District": "львівська область"
 },
 {
  "City": "Теплик",
  "District": "Вінницька область"
 },
 {
  "City": "Фонтанка",
  "District": "Одеська область"
 },
 {
  "City": "Благовіщенське",
  "District": "Кіровоградська область"
 },
 {
  "City": "Гвардійське",
  "District": "Дніпропетровська область"
 },
 {
  "City": "Галич",
  "District": "Івано-Франківська область"
 },
 {
  "City": "Петропавлівська Борщагівка",
  "District": "Київська область"
 },
 {
  "City": "Кушниця",
  "District": "Закарпатська область"
 },
 {
  "City": "Кегичівка",
  "District": "Харківська область"
 },
 {
  "City": "Партеніт",
  "District": "Крим, Автономна Республіка"
 },
 {
  "City": "Сутиського",
  "District": "Вінницька область"
 },
 {
  "City": "Ахрарне",
  "District": "Крим, Автономна Республіка"
 },
 {
  "City": "Балабине",
  "District": "Запорізька область"
 },
 {
  "City": "Володарка",
  "District": "Київська область"
 },
 {
  "City": "Муровані Курилівці",
  "District": "Вінницька область"
 },
 {
  "City": "Озерне",
  "District": "Житомирська область"
 },
 {
  "City": "Моршин",
  "District": "львівська область"
 },
 {
  "City": "Верховина",
  "District": "Івано-Франківська область"
 },
 {
  "City": "Чернігівка",
  "District": "Запорізька область"
 },
 {
  "City": "Веселинове",
  "District": "Миколаївська область"
 },
 {
  "City": "Добровеличківка",
  "District": "Кіровоградська область"
 },
 {
  "City": "Любешів",
  "District": "Волинська область"
 },
 {
  "City": "Гребінки",
  "District": "Київська область"
 },
 {
  "City": "Сокільники",
  "District": "львівська область"
 },
 {
  "City": "Турійськ",
  "District": "Волинська область"
 },
 {
  "City": "Олександрійське",
  "District": "Кіровоградська область"
 },
 {
  "City": "Горонда",
  "District": "Закарпатська область"
 },
 {
  "City": "Дніпровське",
  "District": "Дніпропетровська область"
 },
 {
  "City": "Чуднів",
  "District": "Житомирська область"
 },
 {
  "City": "Димер",
  "District": "Київська область"
 },
 {
  "City": "Савинці",
  "District": "Харківська область"
 },
 {
  "City": "Брошнів-Осада",
  "District": "Івано-Франківська область"
 },
 {
  "City": "Короп",
  "District": "Чернігівська область"
 },
 {
  "City": "Зоря",
  "District": "Одеська область"
 },
 {
  "City": "Томашпіль",
  "District": "Вінницька область"
 },
 {
  "City": "Нова Борова",
  "District": "Житомирська область"
 },
 {
  "City": "Недригайлів",
  "District": "Сумська область"
 },
 {
  "City": "Губиниха",
  "District": "Дніпропетровська область"
 },
 {
  "City": "Рівненська",
  "District": "Кіровоградська область"
 },
 {
  "City": "Стара Синява",
  "District": "Хмельницька область"
 },
 {
  "City": "Степанівка",
  "District": "Сумська область"
 },
 {
  "City": "Кореїз",
  "District": "Крим, Автономна Республіка"
 },
 {
  "City": "Отинія",
  "District": "Івано-Франківська область"
 },
 {
  "City": "Пулини",
  "District": "Житомирська область"
 },
 {
  "City": "Брюховичі",
  "District": "львівська область"
 },
 {
  "City": "Горенка",
  "District": "Київська область"
 },
 {
  "City": "Городниця",
  "District": "Житомирська область"
 },
 {
  "City": "Піщанка",
  "District": "Вінницька область"
 },
 {
  "City": "Шацьк",
  "District": "Волинська область"
 },
 {
  "City": "Гоща",
  "District": "Рівненська область"
 },
 {
  "City": "Миколаївка",
  "District": "Дніпропетровська область"
 },
 {
  "City": "Братське",
  "District": "Миколаївська область"
 },
 {
  "City": "Опішня",
  "District": "Полтавська область"
 },
 {
  "City": "Комишуваха",
  "District": "Запорізька область"
 },
 {
  "City": "Печеніги",
  "District": "Харківська область"
 },
 {
  "City": "Печеніжин",
  "District": "Івано-Франківська область"
 },
 {
  "City": "Стара Вижівка",
  "District": "Волинська область"
 },
 {
  "City": "Брацлав",
  "District": "Вінницька область"
 },
 {
  "City": "Новомиколаївка",
  "District": "Запорізька область"
 },
 {
  "City": "Новогуйвинське",
  "District": "Житомирська область"
 },
 {
  "City": "Чемерівці",
  "District": "Хмельницька область"
 },
 {
  "City": "Калинівка",
  "District": "Київська область"
 },
 {
  "City": "Ялта",
  "District": "Донецька область"
 },
 {
  "City": "Воловець",
  "District": "Закарпатська область"
 },
 {
  "City": "Кирнасівка",
  "District": "Вінницька область"
 },
 {
  "City": "З·гурівка",
  "District": "Київська область"
 },
 {
  "City": "Клавдієво-Тарасове",
  "District": "Київська область"
 },
 {
  "City": "Колочава",
  "District": "Закарпатська область"
 },
 {
  "City": "Богданівка",
  "District": "Дніпропетровська область"
 },
 {
  "City": "Чечельник",
  "District": "Вінницька область"
 },
 {
  "City": "Новоозерне",
  "District": "Крим, Автономна Республіка"
 },
 {
  "City": "Брусилів",
  "District": "Житомирська область"
 },
 {
  "City": "Просяна",
  "District": "Дніпропетровська область"
 },
 {
  "City": "Добромиль",
  "District": "львівська область"
 },
 {
  "City": "Міусинськ",
  "District": "Луганська область"
 },
 {
  "City": "Мошни",
  "District": "Черкаська область"
 },
 {
  "City": "Петропавлівка",
  "District": "Луганська область"
 },
 {
  "City": "Калита",
  "District": "Київська область"
 },
 {
  "City": "Талалаївка",
  "District": "Чернігівська область"
 },
 {
  "City": "Хотів",
  "District": "Київська область"
 },
 {
  "City": "Благодатне",
  "District": "Волинська область"
 },
 {
  "City": "Чабани",
  "District": "Київська область"
 },
 {
  "City": "Торчин",
  "District": "Волинська область"
 },
 {
  "City": "Миропіль",
  "District": "Житомирська область"
 },
 {
  "City": "Браїлів",
  "District": "Вінницька область"
 },
 {
  "City": "Петриківка",
  "District": "Дніпропетровська область"
 },
 {
  "City": "Дубівський",
  "District": "Луганська область"
 },
 {
  "City": "Оленівка",
  "District": "Донецька область"
 },
 {
  "City": "Великий Раковець",
  "District": "Закарпатська область"
 },
 {
  "City": "Люблинець",
  "District": "Волинська область"
 },
 {
  "City": "Великий Любінь",
  "District": "львівська область"
 },
 {
  "City": "Кринички",
  "District": "Донецька область"
 },
 {
  "City": "Новоолександрівка",
  "District": "Дніпропетровська область"
 },
 {
  "City": "Боромля",
  "District": "Сумська область"
 },
 {
  "City": "Бойківське",
  "District": "Донецька область"
 },
 {
  "City": "Степногірськ",
  "District": "Запорізька область"
 },
 {
  "City": "Заболоття",
  "District": "Волинська область"
 },
 {
  "City": "Знаменівка",
  "District": "Дніпропетровська область"
 },
 {
  "City": "Святогірськ",
  "District": "Донецька область"
 },
 {
  "City": "Битків",
  "District": "Івано-Франківська область"
 },
 {
  "City": "Криничне",
  "District": "Одеська область"
 },
 {
  "City": "Шишаки",
  "District": "Полтавська область"
 },
 {
  "City": "Брилівка",
  "District": "Херсонська область"
 },
 {
  "City": "Заозерне",
  "District": "Крим, Автономна Республіка"
 },
 {
  "City": "Мліїв",
  "District": "Черкаська область"
 },
 {
  "City": "Алмазна",
  "District": "Луганська область"
 },
 {
  "City": "Довбиш",
  "District": "Житомирська область"
 },
 {
  "City": "Кольчино",
  "District": "Закарпатська область"
 },
 {
  "City": "Шабельківка",
  "District": "Донецька область"
 },
 {
  "City": "Сурсько-Литовське",
  "District": "Дніпропетровська область"
 },
 {
  "City": "Середнє",
  "District": "Закарпатська область"
 },
 {
  "City": "Новий Калинів",
  "District": "львівська область"
 },
 {
  "City": "Черкаське",
  "District": "Дніпропетровська область"
 },
 {
  "City": "Ворохта",
  "District": "Івано-Франківська область"
 },
 {
  "City": "Миколаївка",
  "District": "Сумська область"
 },
 {
  "City": "Оброшино",
  "District": "львівська область"
 },
 {
  "City": "Лиман",
  "District": "Харківська область"
 },
 {
  "City": "Кринички",
  "District": "Дніпропетровська область"
 },
 {
  "City": "Лазещина",
  "District": "Закарпатська область"
 },
 {
  "City": "Гришківці",
  "District": "Житомирська область"
 },
 {
  "City": "Устинівка",
  "District": "Кіровоградська область"
 },
 {
  "City": "Меліоративне",
  "District": "Дніпропетровська область"
 },
 {
  "City": "Березанка",
  "District": "Миколаївська область"
 },
 {
  "City": "Аулі",
  "District": "Дніпропетровська область"
 },
 {
  "City": "Володькова Дівиця",
  "District": "Чернігівська область"
 },
 {
  "City": "Новомиколаївка",
  "District": "Дніпропетровська область"
 },
 {
  "City": "Лугини",
  "District": "Житомирська область"
 },
 {
  "City": "Нова Ушиця",
  "District": "Хмельницька область"
 },
 {
  "City": "Олександрівка",
  "District": "Донецька область"
 },
 {
  "City": "Кути",
  "District": "Івано-Франківська область"
 },
 {
  "City": "Голоби",
  "District": "Волинська область"
 },
 {
  "City": "Колки",
  "District": "Волинська область"
 },
 {
  "City": "Великі Сорочинці",
  "District": "Полтавська область"
 },
 {
  "City": "Новопілля",
  "District": "Дніпропетровська область"
 },
 {
  "City": "Криничне",
  "District": "Луганська область"
 },
 {
  "City": "Тиврів",
  "District": "Вінницька область"
 },
 {
  "City": "Заболотів",
  "District": "Івано-Франківська область"
 },
 {
  "City": "м. Вижниця",
  "District": "Чернівецька область"
 },
 {
  "City": "Єрки",
  "District": "Черкаська область"
 },
 {
  "City": "Супрунівка",
  "District": "Полтавська область"
 },
 {
  "City": "Скалат",
  "District": "Тернопільська область"
 },
 {
  "City": "Джулинка",
  "District": "Вінницька область"
 },
 {
  "City": "Рубанівка",
  "District": "Херсонська область"
 },
 {
  "City": "Матвіївка",
  "District": "Запорізька область"
 },
 {
  "City": "Сімеїз",
  "District": "Крим, Автономна Республіка"
 },
 {
  "City": "Дашів",
  "District": "Вінницька область"
 },
 {
  "City": "Богуслав",
  "District": "Дніпропетровська область"
 },
 {
  "City": "Рожнятів",
  "District": "Івано-Франківська область"
 },
 {
  "City": "Радушне",
  "District": "Дніпропетровська область"
 },
 {
  "City": "Локачі",
  "District": "Волинська область"
 },
 {
  "City": "Онуфріївка",
  "District": "Кіровоградська область"
 },
 {
  "City": "Солотвин",
  "District": "Івано-Франківська область"
 },
 {
  "City": "Клембівка",
  "District": "Вінницька область"
 },
 {
  "City": "Приморське",
  "District": "Запорізька область"
 },
 {
  "City": "Голубівка",
  "District": "Дніпропетровська область"
 },
 {
  "City": "Вербки",
  "District": "Дніпропетровська область"
 },
 {
  "City": "Бібрка",
  "District": "львівська область"
 },
 {
  "City": "Калинівка",
  "District": "Київська область"
 },
 {
  "City": "ледачий",
  "District": "Закарпатська область"
 },
 {
  "City": "Павлівка",
  "District": "Вінницька область"
 },
 {
  "City": "Комарно",
  "District": "львівська область"
 },
 {
  "City": "Вендичани",
  "District": "Вінницька область"
 },
 {
  "City": "Чаплине",
  "District": "Дніпропетровська область"
 },
 {
  "City": "Великий Бурлук",
  "District": "Харківська область"
 },
 {
  "City": "Дмитрівка",
  "District": "Дніпропетровська область"
 },
 {
  "City": "Липча",
  "District": "Закарпатська область"
 },
 {
  "City": "Новосілки",
  "District": "Київ, Місто"
 },
 {
  "City": "Медвин",
  "District": "Київська область"
 },
 {
  "City": "Нижня Сироватка",
  "District": "Сумська область"
 },
 {
  "City": "Преображенка",
  "District": "Запорізька область"
 },
 {
  "City": "Лосинівка",
  "District": "Чернігівська область"
 },
 {
  "City": "Кучурган",
  "District": "Одеська область"
 },
 {
  "City": "Мигове",
  "District": "Чернівецька область"
 },
 {
  "City": "Кашперівка",
  "District": "Київська область"
 },
 {
  "City": "Жвирка",
  "District": "львівська область"
 },
 {
  "City": "Кам'яні Потоки",
  "District": "Полтавська область"
 },
 {
  "City": "Воскресенка",
  "District": "Запорізька область"
 },
 {
  "City": "Олексіївка",
  "District": "Дніпропетровська область"
 },
 {
  "City": "Цибулів",
  "District": "Черкаська область"
 },
 {
  "City": "Осій",
  "District": "Закарпатська область"
 },
 {
  "City": "Затишшя",
  "District": "Одеська область"
 },
 {
  "City": "Вербівка",
  "District": "Харківська область"
 },
 {
  "City": "Крюківщина",
  "District": "Київська область"
 },
 {
  "City": "Кобилецька Поляна",
  "District": "Закарпатська область"
 },
 {
  "City": "Махнівка",
  "District": "Вінницька область"
 },
 {
  "City": "Кирилівка",
  "District": "Запорізька область"
 },
 {
  "City": "Гора",
  "District": "Київська область"
 },
 {
  "City": "Першотравенськ",
  "District": "Житомирська область"
 },
 {
  "City": "Щебетівка",
  "District": "Крим, Автономна Республіка"
 },
 {
  "City": "Новопавлівка",
  "District": "Дніпропетровська область"
 },
 {
  "City": "Солонка",
  "District": "львівська область"
 },
 {
  "City": "Козин",
  "District": "Київська область"
 },
 {
  "City": "Меденичі",
  "District": "львівська область"
 },
 {
  "City": "Мачухи",
  "District": "Полтавська область"
 },
 {
  "City": "Ропча",
  "District": "Чернівецька область"
 },
 {
  "City": "Миколаївка",
  "District": "Дніпропетровська область"
 },
 {
  "City": "Глухівці",
  "District": "Вінницька область"
 },
 {
  "City": "Малокатеринівка",
  "District": "Запорізька область"
 },
 {
  "City": "Старий Салтів",
  "District": "Харківська область"
 },
 {
  "City": "Плужне",
  "District": "Хмельницька область"
 },
 {
  "City": "Коропець",
  "District": "Тернопільська область"
 },
 {
  "City": "Іванівці",
  "District": "Чернівецька область"
 },
 {
  "City": "Химчин",
  "District": "Івано-Франківська область"
 },
 {
  "City": "Шолохове",
  "District": "Дніпропетровська область"
 },
 {
  "City": "Червоний Оскіл",
  "District": "Харківська область"
 },
 {
  "City": "Вільхівці-Лази",
  "District": "Закарпатська область"
 },
 {
  "City": "Вилок",
  "District": "Закарпатська область"
 },
 {
  "City": "Рудники",
  "District": "львівська область"
 },
 {
  "City": "Лисичово",
  "District": "Закарпатська область"
 },
 {
  "City": "Шпиків",
  "District": "Вінницька область"
 },
 {
  "City": "Копашново",
  "District": "Закарпатська область"
 },
 {
  "City": "Іванопіль",
  "District": "Житомирська область"
 },
 {
  "City": "Спаське",
  "District": "Дніпропетровська область"
 },
 {
  "City": "Розівка",
  "District": "Запорізька область"
 },
 {
  "City": "Лазурне",
  "District": "Херсонська область"
 },
 {
  "City": "Нові Білокоровичі",
  "District": "Житомирська область"
 },
 {
  "City": "Пришиб",
  "District": "Запорізька область"
 },
 {
  "City": "Красний Кут",
  "District": "Луганська область"
 },
 {
  "City": "Глиняни",
  "District": "львівська область"
 },
 {
  "City": "Новоекономічне",
  "District": "Донецька область"
 },
 {
  "City": "Орілька",
  "District": "Харківська область"
 },
 {
  "City": "Луків",
  "District": "Волинська обл"
 },
 {
  "City": "Малий Раковець",
  "District": "Закарпатська область"
 },
 {
  "City": "Олика",
  "District": "Волинська область"
 },
 {
  "City": "Горінчово",
  "District": "Закарпатська область"
 },
 {
  "City": "Ков'яги",
  "District": "Харківська область"
 },
 {
  "City": "Нижнє Селище",
  "District": "Закарпатська область"
 },
 {
  "City": "Обертин",
  "District": "Івано-Франківська область"
 },
 {
  "City": "Михайло-Коцюбинське",
  "District": "Чернігівська область"
 },
 {
  "City": "Біла Церква",
  "District": "Закарпатська область"
 },
 {
  "City": "Головне",
  "District": "Волинська область"
 },
 {
  "City": "Батово",
  "District": "Закарпатська область"
 },
 {
  "City": "Новий Яричів",
  "District": "львівська область"
 },
 {
  "City": "Березово",
  "District": "Закарпатська область"
 },
 {
  "City": "Старі Петрівці",
  "District": "Київська область"
 },
 {
  "City": "Хожули",
  "District": "Полтавська область"
 },
 {
  "City": "Мирне",
  "District": "Запорізька область"
 },
 {
  "City": "Садкий",
  "District": "Полтавська область"
 },
 {
  "City": "Лисець",
  "District": "Івано-Франківська область"
 },
 {
  "City": "Половинкине",
  "District": "Луганська область"
 },
 {
  "City": "Урзуф",
  "District": "Донецька область"
 },
 {
  "City": "Старий Мізунь",
  "District": "Івано-Франківська область"
 },
 {
  "City": "Миропілля",
  "District": "Сумська область"
 },
 {
  "City": "Червоне",
  "District": "Житомирська область"
 },
 {
  "City": "Первомайський",
  "District": "Донецька область"
 },
 {
  "City": "Личкове",
  "District": "Дніпропетровська область"
 },
 {
  "City": "Станіславчик",
  "District": "Вінницька область"
 },
 {
  "City": "Бабинці",
  "District": "Київська область"
 },
 {
  "City": "Єзупіль",
  "District": "Івано-Франківська область"
 },
 {
  "City": "Коктебель",
  "District": "Крим, Автономна Республіка"
 },
 {
  "City": "Оратів",
  "District": "Вінницька область"
 },
 {
  "City": "Олександрівка",
  "District": "Дніпропетровська область"
 },
 {
  "City": "Дерцен",
  "District": "Закарпатська область"
 },
 {
  "City": "Голубине",
  "District": "Закарпатська область"
 },
 {
  "City": "Ближнє",
  "District": "Крим, Автономна Республіка"
 },
 {
  "City": "Народичі",
  "District": "Житомирська область"
 },
 {
  "City": "Войнилів",
  "District": "Івано-Франківська область"
 },
 {
  "City": "Андріївка",
  "District": "Запорізька область"
 },
 {
  "City": "Поляна",
  "District": "Закарпатська область"
 },
 {
  "City": "Шелудьківка",
  "District": "Харківська область"
 },
 {
  "City": "Асканія-Нова",
  "District": "Херсонська область"
 },
 {
  "City": "Імстичово",
  "District": "Закарпатська область"
 },
 {
  "City": "Чернівці",
  "District": "Вінницька область"
 },
 {
  "City": "Глодосий",
  "District": "Кіровоградська область"
 },
 {
  "City": "Серники",
  "District": "Рівненська область"
 },
 {
  "City": "Шрамківка",
  "District": "Черкаська область"
 },
 {
  "City": "Котовка",
  "District": "Дніпропетровська область"
 },
 {
  "City": "Хроли",
  "District": "Харківська область"
 },
 {
  "City": "Петрушів",
  "District": "Закарпатська область"
 },
 {
  "City": "Смига",
  "District": "Хмельницька область"
 },
 {
  "City": "Попелі",
  "District": "львівська область"
 },
 {
  "City": "Молодків",
  "District": "Івано-Франківська область"
 },
 {
  "City": "Любимівка",
  "District": "Дніпропетровська область"
 },
 {
  "City": "Устя",
  "District": "Вінницька область"
 },
 {
  "City": "Делен",
  "District": "Одеська область"
 },
 {
  "City": "Саксаган",
  "District": "Дніпропетровська область"
 },
 {
  "City": "Партизанське",
  "District": "Дніпропетровська область"
 },
 {
  "City": "Курилівка",
  "District": "Дніпропетровська область"
 },
 {
  "City": "Кайхадор",
  "District": "Крим, Автономна Республіка"
 },
 {
  "City": "Бартурин",
  "District": "Чернігівська область"
 },
 {
  "City": "Сурсько-Михайлівка",
  "District": "Дніпропетровська область"
 },
 {
  "City": "Киїнка",
  "District": "Чернігівська область"
 },
 {
  "City": "Липецька Поляна",
  "District": "Закарпатська область"
 },
 {
  "City": "Трушки",
  "District": "Київська область"
 },
 {
  "City": "Новоселиця",
  "District": "Чернівецька область"
 },
 {
  "City": "Білокоровичі",
  "District": "Житомирська область"
 },
 {
  "City": "Івана Франка",
  "District": "львівська область"
 },
 {
  "City": "Чорнухи",
  "District": "Полтавська область"
 },
 {
  "City": "Томашгород",
  "District": "Рівненська область"
 },
 {
  "City": "Бабче",
  "District": "Івано-Франківська область"
 },
 {
  "City": "Хомутець",
  "District": "Полтавська область"
 },
 {
  "City": "Білоусівка",
  "District": "Черкаська область"
 },
 {
  "City": "Микита",
  "District": "Крим, Автономна Республіка"
 },
 {
  "City": "Старі Кривотули",
  "District": "Івано-Франківська область"
 },
 {
  "City": "Нагірянка",
  "District": "Тернопільська область"
 },
 {
  "City": "Вовковинці",
  "District": "Хмельницька область"
 },
 {
  "City": "Першотравневе",
  "District": "Житомирська область"
 },
 {
  "City": "Коритне",
  "District": "Чернівецька область"
 },
 {
  "City": "Терешки",
  "District": "Полтавська область"
 },
 {
  "City": "Придніпровське",
  "District": "Дніпропетровська область"
 },
 {
  "City": "Зарічани",
  "District": "Житомирська область"
 },
 {
  "City": "Єлизаветівка",
  "District": "Дніпропетровська область"
 },
 {
  "City": "Авіаторське",
  "District": "Дніпропетровська область"
 },
 {
  "City": "Чишки",
  "District": "львівська область"
 },
 {
  "City": "Парафіївка",
  "District": "Чернігівська область"
 },
 {
  "City": "Залуква",
  "District": "Івано-Франківська область"
 },
 {
  "City": "Морське",
  "District": "Крим, Автономна Республіка"
 },
 {
  "City": "Сатанов",
  "District": "Хмельницька область"
 },
 {
  "City": "Вирішальне",
  "District": "Полтавська область"
 },
 {
  "City": "Стрілки",
  "District": "львівська область"
 },
 {
  "City": "Михайлівка",
  "District": "Луганська область"
 },
 {
  "City": "Чорнівка",
  "District": "Чернівецька область"
 },
 {
  "City": "Шалигине",
  "District": "Сумська область"
 },
 {
  "City": "Шаровечка",
  "District": "Хмельницька область"
 },
 {
  "City": "Вишневе",
  "District": "Дніпропетровська область"
 },
 {
  "City": "Ізобільне",
  "District": "Крим, Автономна Республіка"
 },
 {
  "City": "Верхньосадове",
  "District": "Севастополь, місто"
 },
 {
  "City": "Аерофлотський",
  "District": "Крим, Автономна Республіка"
 },
 {
  "City": "Ленківці",
  "District": "Чернівецька область"
 },
 {
  "City": "Драчинці",
  "District": "Чернівецька область"
 },
 {
  "City": "Жовте",
  "District": "Дніпропетровська область"
 },
 {
  "City": "Белз",
  "District": "львівська область"
 },
 {
  "City": "Слов”янка",
  "District": "Дніпропетровська область"
 },
 {
  "City": "Вербка",
  "District": "Вінницька область"
 },
 {
  "City": "Перебиківці",
  "District": "Чернівецька область"
 },
 {
  "City": "Вигода",
  "District": "Івано-Франківська область"
 },
 {
  "City": "Нижній Бистрий",
  "District": "Закарпатська область"
 },
 {
  "City": "Матроська",
  "District": "Одеська область"
 },
 {
  "City": "Великі Коровинці",
  "District": "Житомирська область"
 },
 {
  "City": "Нововасилівка",
  "District": "Запорізька область"
 },
 {
  "City": "Жнятино",
  "District": "Закарпатська область"
 },
 {
  "City": "Косарі",
  "District": "Черкаська область"
 },
 {
  "City": "Заворичі",
  "District": "Київська область"
 },
 {
  "City": "Осинове",
  "District": "Луганська область"
 },
 {
  "City": "Топчино",
  "District": "Закарпатська область"
 },
 {
  "City": "Вищеолчедаїв",
  "District": "Вінницька область"
 },
 {
  "City": "Ситківці",
  "District": "Вінницька область"
 },
 {
  "City": "Чорнотисів",
  "District": "Закарпатська область"
 },
 {
  "City": "Тахтаулове",
  "District": "Полтавська область"
 },
 {
  "City": "Підгородна",
  "District": "Миколаївська область"
 },
 {
  "City": "Старі Трояни",
  "District": "Одеська область"
 },
 {
  "City": "Уторопи",
  "District": "Івано-Франківська область"
 },
 {
  "City": "Білокриницька",
  "District": "Тернопільська область"
 },
 {
  "City": "Федорівка",
  "District": "Запорізька область"
 },
 {
  "City": "Славгород",
  "District": "Дніпропетровська область"
 },
 {
  "City": "Борки",
  "District": "львівська область"
 },
 {
  "City": "Нова Галещина",
  "District": "Полтавська область"
 },
 {
  "City": "Юр”ївка",
  "District": "Дніпропетровська область"
 },
 {
  "City": "Висунськ",
  "District": "Миколаївська область"
 },
 {
  "City": "Комиш-Зоря",
  "District": "Запорізька область"
 },
 {
  "City": "Великий Хутір",
  "District": "Черкаська область"
 },
 {
  "City": "Оболонь",
  "District": "Полтавська область"
 },
 {
  "City": "Михайлівка",
  "District": "Запорізька область"
 },
 {
  "City": "Устилуг",
  "District": "Волинська область"
 },
 {
  "City": "Нелипівці",
  "District": "Чернівецька область"
 },
 {
  "City": "Войнівка",
  "District": "Кіровоградська область"
 },
 {
  "City": "Хоменки",
  "District": "Вінницька область"
 },
 {
  "City": "Новопетрівка",
  "District": "Запорізька область"
 },
 {
  "City": "Ротмістрівка",
  "District": "Черкаська область"
 },
 {
  "City": "Любар",
  "District": "Житомирська область"
 },
 {
  "City": "Пійло",
  "District": "Івано-Франківська область"
 },
 {
  "City": "Східниця",
  "District": "львівська область"
 },
 {
  "City": "Малі Копані",
  "District": "Херсонська область"
 },
 {
  "City": "Бабин",
  "District": "Чернівецька область"
 },
 {
  "City": "Соколівка",
  "District": "Вінницька область"
 },
 {
  "City": "Ковалівка",
  "District": "Полтавська область"
 },
 {
  "City": "Пришиб",
  "District": "Харківська область"
 },
 {
  "City": "Булахівка",
  "District": "Дніпропетровська область"
 },
 {
  "City": "Березина",
  "District": "львівська область"
 },
 {
  "City": "Росошани",
  "District": "Чернівецька область"
 },
 {
  "City": "Старе Село",
  "District": "львівська область"
 },
 {
  "City": "Герца",
  "District": "Чернівецька область"
 },
 {
  "City": "Преслав",
  "District": "Запорізька область"
 },
 {
  "City": "Корнин",
  "District": "Житомирська область"
 },
 {
  "City": "Лісові Гринівці",
  "District": "Хмельницька область"
 },
 {
  "City": "Маломиколаївка",
  "District": "Луганська область"
 },
 {
  "City": "Стінка",
  "District": "Тернопільська область"
 },
 {
  "City": "Тиниця",
  "District": "Чернігівська область"
 },
 {
  "City": "Любеч",
  "District": "Чернігівська область"
 },
 {
  "City": "Бережинка",
  "District": "Кіровоградська область"
 },
 {
  "City": "Білине",
  "District": "Одеська область"
 },
 {
  "City": "Святець",
  "District": "Хмельницька область"
 },
 {
  "City": "Яблунів",
  "District": "Івано-Франківська область"
 },
 {
  "City": "Кленовий",
  "District": "Луганська область"
 },
 {
  "City": "Майданецьке",
  "District": "Черкаська область"
 },
 {
  "City": "Тартак",
  "District": "Вінницька область"
 },
 {
  "City": "Дубівці",
  "District": "Івано-Франківська область"
 },
 {
  "City": "Губник",
  "District": "Вінницька область"
 },
 {
  "City": "Вільне",
  "District": "Крим, Автономна Республіка"
 },
 {
  "City": "Капулівка",
  "District": "Дніпропетровська область"
 },
 {
  "City": "Потоки",
  "District": "Полтавська область"
 },
 {
  "City": "Угроїди",
  "District": "Сумська область"
 },
 {
  "City": "Мошорине",
  "District": "Кіровоградська область"
 },
 {
  "City": "Білобожниця",
  "District": "Тернопільська область"
 },
 {
  "City": "Бараші",
  "District": "Житомирська область"
 },
 {
  "City": "Тюдів",
  "District": "Івано-Франківська область"
 },
 {
  "City": "Кожанка",
  "District": "Київська область"
 },
 {
  "City": "Приколотне",
  "District": "Харківська область"
 },
 {
  "City": "Борозенське",
  "District": "Херсонська область"
 },
 {
  "City": "П'ятигори",
  "District": "Київська область"
 },
 {
  "City": "Війтівці",
  "District": "Вінницька область"
 },
 {
  "City": "Андрушки",
  "District": "Житомирська область"
 },
 {
  "City": "Довжок",
  "District": "Вінницька область"
 },
 {
  "City": "Мазурівка",
  "District": "Вінницька область"
 },
 {
  "City": "Мостове",
  "District": "Миколаївська область"
 },
 {
  "City": "Плоске",
  "District": "Київська область"
 },
 {
  "City": "Чкалове",
  "District": "Дніпропетровська область"
 },
 {
  "City": "Вільне",
  "District": "Дніпропетровська область"
 },
 {
  "City": "Велика Киріївка",
  "District": "Вінницька область"
 },
 {
  "City": "Лихівка",
  "District": "Дніпропетровська область"
 },
 {
  "City": "Прибужжя",
  "District": "Миколаївська область"
 },
 {
  "City": "Озаринці",
  "District": "Вінницька область"
 },
 {
  "City": "Яблуниця",
  "District": "Івано-Франківська область"
 },
 {
  "City": "Шешори",
  "District": "Івано-Франківська область"
 },
 {
  "City": "Опитне",
  "District": "Донецька область"
 },
 {
  "City": "Добровляни",
  "District": "Тернопільська область"
 },
 {
  "City": "Зелена",
  "District": "Чернівецька область"
 },
 {
  "City": "Бандурове",
  "District": "Кіровоградська область"
 },
 {
  "City": "Красносілка",
  "District": "Вінницька область"
 },
 {
  "City": "Чаплинка",
  "District": "Дніпропетровська область"
 },
 {
  "City": "Чумаки",
  "District": "Дніпропетровська область"
 },
 {
  "City": "Ліпне",
  "District": "Волинська область"
 },
 {
  "City": "В”язівок",
  "District": "Дніпропетровська область"
 },
 {
  "City": "Березова Рудка",
  "District": "Полтавська область"
 },
 {
  "City": "Чемер",
  "District": "Чернігівська область"
 },
 {
  "City": "Квітневе",
  "District": "Житомирська область"
 },
 {
  "City": "Велика Бурімка",
  "District": "Черкаська область"
 },
 {
  "City": "Великомихайлівка",
  "District": "Дніпропетровська область"
 },
 {
  "City": "Дубище",
  "District": "Волинська область"
 },
 {
  "City": "Високопілля",
  "District": "Харківська область"
 },
 {
  "City": "Іванівка",
  "District": "Дніпропетровська область"
 },
 {
  "City": "Латівка",
  "District": "Одеська область"
 },
 {
  "City": "Семикозівка",
  "District": "Луганська область"
 },
 {
  "City": "Вакуленчук",
  "District": "Житомирська область"
 },
 {
  "City": "Більшівці",
  "District": "Івано-Франківська область"
 },
 {
  "City": "Побережжя",
  "District": "Івано-Франківська область"
 },
 {
  "City": "Семенівка",
  "District": "Миколаївська область"
 },
 {
  "City": "Репужинці",
  "District": "Чернівецька область"
 },
 {
  "City": "Троянів",
  "District": "Житомирська область"
 },
 {
  "City": "Приадівка",
  "District": "Дніпропетровська область"
 },
 {
  "City": "Серби",
  "District": "Одеська область"
 },
 {
  "City": "Сердит",
  "District": "Донецька область"
 },
 {
  "City": "Мала Петриківка",
  "District": "Дніпропетровська область"
 },
 {
  "City": "Боровиця",
  "District": "Черкаська область"
 },
 {
  "City": "Суха",
  "District": "Закарпатська область"
 },
 {
  "City": "Кумачове",
  "District": "Донецька область"
 },
 {
  "City": "Гвіздець",
  "District": "Івано-Франківська обл"
 },
 {
  "City": "Немирів",
  "District": "Львівська область"
 },
 {
  "City": "Вишнівчик",
  "District": "Хмельницька область"
 },
 {
  "City": "Піщане",
  "District": "Луганська область"
 },
 {
  "City": "Велика Бийгань",
  "District": "Закарпатська область"
 },
 {
  "City": "Монастирець",
  "District": "Закарпатська область"
 },
 {
  "City": "Горошова",
  "District": "Чернівецька область"
 },
 {
  "City": "Чоповичі",
  "District": "Житомирська область"
 },
 {
  "City": "Михайлівка",
  "District": "Вінницька область"
 },
 {
  "City": "Дослідницьке",
  "District": "Київська область"
 },
 {
  "City": "Пристроми",
  "District": "Київська область"
 },
 {
  "City": "Самгородок",
  "District": "Вінницька область"
 },
 {
  "City": "Шамраївка",
  "District": "Київська область"
 },
 {
  "City": "Княждвір",
  "District": "Івано-Франківська область"
 },
 {
  "City": "Зеленький",
  "District": "Київська область"
 },
 {
  "City": "Головине",
  "District": "Житомирська область"
 },
 {
  "City": "Привітне",
  "District": "Крим, Автономна Республіка"
 },
 {
  "City": "Щербані",
  "District": "Полтавська область"
 },
 {
  "City": "Вільхівка",
  "District": "Закарпатська область"
 },
 {
  "City": "Симер",
  "District": "Закарпатська область"
 },
 {
  "City": "Острів",
  "District": "львівська область"
 },
 {
  "City": "Тернівка",
  "District": "Крим, Автономна Республіка"
 },
 {
  "City": "П'ятківка",
  "District": "Вінницька область"
 },
 {
  "City": "Писарівка",
  "District": "Вінницька область"
 },
 {
  "City": "Богданівка",
  "District": "Миколаївська область"
 },
 {
  "City": "Писарівка",
  "District": "Хмельницька область"
 },
 {
  "City": "Старий Чорторийськ",
  "District": "Волинська область"
 },
 {
  "City": "Вахнівка",
  "District": "Вінницька область"
 },
 {
  "City": "Зіньків",
  "District": "Хмельницька область"
 },
 {
  "City": "Білогородка",
  "District": "Хмельницька область"
 },
 {
  "City": "Вовче",
  "District": "львівська область"
 },
 {
  "City": "Велика Павлівка",
  "District": "Полтавська область"
 },
 {
  "City": "Новопокровка",
  "District": "Дніпропетровська область"
 },
 {
  "City": "Комарів",
  "District": "Чернівецька область"
 },
 {
  "City": "Світлогірське",
  "District": "Дніпропетровська область"
 },
 {
  "City": "Северинівка",
  "District": "Вінницька область"
 },
 {
  "City": "Цибулеве",
  "District": "Кіровоградська область"
 },
 {
  "City": "Остапово",
  "District": "Тернопільська область"
 },
 {
  "City": "Городище",
  "District": "Луганська область"
 },
 {
  "City": "Ставчани",
  "District": "львівська область"
 },
 {
  "City": "Тернівка",
  "District": "Вінницька область"
 },
 {
  "City": "Вільбівне",
  "District": "Рівненська область"
 },
 {
  "City": "Байбузи",
  "District": "Черкаська область"
 },
 {
  "City": "Білозірка",
  "District": "Миколаївська область"
 },
 {
  "City": "Шепіт",
  "District": "Івано-Франківська область"
 },
 {
  "City": "Новотаромське",
  "District": "Дніпропетровська область"
 },
 {
  "City": "Колибаївка",
  "District": "Хмельницька область"
 },
 {
  "City": "Hirne",
  "District": "Львівська область"
 },
 {
  "City": "Роздори",
  "District": "Дніпропетровська область"
 },
 {
  "City": "Червоне",
  "District": "львівська область"
 },
 {
  "City": "Виноградне",
  "District": "Донецька область"
 },
 {
  "City": "Биківка",
  "District": "Житомирська область"
 },
 {
  "City": "Бирлівка",
  "District": "Черкаська область"
 },
 {
  "City": "Грабів",
  "District": "Івано-Франківська область"
 },
 {
  "City": "Іванків",
  "District": "Тернопільська область"
 },
 {
  "City": "Майдан",
  "District": "Закарпатська область"
 },
 {
  "City": "Делева",
  "District": "Івано-Франківська область"
 },
 {
  "City": "Гавришівка",
  "District": "Вінницька область"
 },
 {
  "City": "Берестечко",
  "District": "Волинська область"
 },
 {
  "City": "Синюхин Брід",
  "District": "Миколаївська область"
 },
 {
  "City": "Карпилівка",
  "District": "Волинська область"
 },
 {
  "City": "Крилос",
  "District": "Івано-Франківська область"
 },
 {
  "City": "Гута",
  "District": "Волинська область"
 },
 {
  "City": "Андрієво-Іванівка",
  "District": "Одеська область"
 },
 {
  "City": "Бохоники",
  "District": "Вінницька область"
 },
 {
  "City": "Новозарівка",
  "District": "Донецька область"
 },
 {
  "City": "Більче",
  "District": "львівська область"
 },
 {
  "City": "Самчики",
  "District": "Хмельницька область"
 },
 {
  "City": "Верин",
  "District": "львівська область"
 },
 {
  "City": "Абазівка",
  "District": "Полтавська область"
 },
 {
  "City": "Бочечки",
  "District": "Сумська область"
 },
 {
  "City": "Чернятин",
  "District": "Вінницька область"
 },
 {
  "City": "Шарівка",
  "District": "Харківська область"
 },
 {
  "City": "Імені Шевченка",
  "District": "Донецька область"
 },
 {
  "City": "Полянка",
  "District": "Житомирська область"
 },
 {
  "City": "Тавричанка",
  "District": "Херсонська область"
 },
 {
  "City": "Кочережки",
  "District": "Дніпропетровська область"
 },
 {
  "City": "Кисличувата",
  "District": "Дніпропетровська область"
 },
 {
  "City": "Ільці",
  "District": "Івано-Франківська область"
 },
 {
  "City": "Велика Андрусівка",
  "District": "Кіровоградська область"
 },
 {
  "City": "Ковалівка",
  "District": "Київська область"
 },
 {
  "City": "Волосянка",
  "District": "Закарпатська область"
 },
 {
  "City": "Бузовиця",
  "District": "Чернівецька область"
 },
 {
  "City": "Вільшанка",
  "District": "Вінницька область"
 },
 {
  "City": "Рибаківка",
  "District": "Миколаївська область"
 },
 {
  "City": "Холма",
  "District": "Одеська область"
 },
 {
  "City": "Краснопілка",
  "District": "Вінницька область"
 },
 {
  "City": "Трояндове",
  "District": "Одеська область"
 },
 {
  "City": "Старі Кодаки",
  "District": "Дніпропетровська область"
 },
 {
  "City": "Паланка",
  "District": "Черкаська область"
 },
 {
  "City": "Кучаків",
  "District": "Київська область"
 },
 {
  "City": "Борівці",
  "District": "Чернівецька область"
 },
 {
  "City": "Головний",
  "District": "Івано-Франківська область"
 },
 {
  "City": "Біркі",
  "District": "Волинська область"
 },
 {
  "City": "Верчани",
  "District": "львівська область"
 },
 {
  "City": "Святилівка",
  "District": "Полтавська область"
 },
 {
  "City": "Миколаївка",
  "District": "Дніпропетровська область"
 },
 {
  "City": "Заріччя",
  "District": "Волинська область"
 },
 {
  "City": "Владичен",
  "District": "Одеська область"
 },
 {
  "City": "Huiva",
  "District": "Житомирська область"
 },
 {
  "City": "Великий Жванчик",
  "District": "Хмельницька область"
 },
 {
  "City": "Насипне",
  "District": "Крим, Автономна Республіка"
 },
 {
  "City": "Плодородне",
  "District": "Запорізька область"
 },
 {
  "City": "Радісне",
  "District": "Одеська область"
 },
 {
  "City": "Черепашинці",
  "District": "Вінницька область"
 },
 {
  "City": "Маньківка",
  "District": "Вінницька область"
 },
 {
  "City": "Чернелиця",
  "District": "Івано-Франківська область"
 },
 {
  "City": "Лютенські Будища",
  "District": "Полтавська область"
 },
 {
  "City": "Усть-Чорна",
  "District": "Закарпатська область"
 },
 {
  "City": "Луково",
  "District": "Закарпатська область"
 },
 {
  "City": "Бистрик",
  "District": "Житомирська область"
 },
 {
  "City": "Гречишкине",
  "District": "Луганська область"
 },
 {
  "City": "Рокині",
  "District": "Волинська область"
 },
 {
  "City": "Тростянець",
  "District": "Вінницька область"
 },
 {
  "City": "Бараниківка",
  "District": "Луганська область"
 }
]